{
  "tflite_model": "/mnt/021630F41630E9F5/PROJECTS/torch/shufflenet-v2-tensorflow/artifacts/tflite/checkpoints_tomato_1_5x_baseline_best_model_int8.tflite",
  "positive_count": 3632,
  "negative_count": 369,
  "search_space": {
    "invalid_values": [
      0.35,
      0.4,
      0.45,
      0.5,
      0.55,
      0.6,
      0.65,
      0.7
    ],
    "confident_values": [
      0.65,
      0.7,
      0.75,
      0.8,
      0.85,
      0.9
    ],
    "margin_values": [
      0.1,
      0.15,
      0.2,
      0.25,
      0.3,
      0.35
    ]
  },
  "current_thresholds": {
    "invalid_conf": 0.5,
    "confident_conf": 0.75,
    "margin": 0.2,
    "metrics": {
      "score": -1.9672676981542816,
      "positive_count": 3632,
      "negative_count": 369,
      "pos_diag_rate": 0.9969713656387665,
      "pos_uncertain_rate": 0.0027533039647577094,
      "pos_invalid_rate": 0.00027533039647577095,
      "pos_overall_acc": 0.9980726872246696,
      "pos_diag_acc": 0.9986191659762497,
      "neg_diag_rate": 0.8509485094850948,
      "neg_uncertain_rate": 0.12195121951219512,
      "neg_invalid_rate": 0.02710027100271003
    }
  },
  "recommended_thresholds": {
    "invalid_conf": 0.7,
    "confident_conf": 0.9,
    "margin": 0.1,
    "metrics": {
      "score": -0.4833120254139605,
      "positive_count": 3632,
      "negative_count": 369,
      "pos_diag_rate": 0.9947687224669604,
      "pos_uncertain_rate": 0.0030286343612334803,
      "pos_invalid_rate": 0.0022026431718061676,
      "pos_overall_acc": 0.9980726872246696,
      "pos_diag_acc": 0.9988928867976751,
      "neg_diag_rate": 0.7208672086720868,
      "neg_uncertain_rate": 0.15447154471544716,
      "neg_invalid_rate": 0.12466124661246612
    }
  },
  "top_candidates_csv": "/mnt/021630F41630E9F5/PROJECTS/torch/shufflenet-v2-tensorflow/artifacts/tflite/threshold_calibration_candidates_phase5_20260419_143814.csv"
}