{
  "tflite_model": "/mnt/021630F41630E9F5/PROJECTS/torch/shufflenet-v2-tensorflow/artifacts/tflite/checkpoints_tomato_1_5x_baseline_best_model_int8.tflite",
  "positive_count": 3632,
  "negative_count": 27,
  "search_space": {
    "invalid_values": [
      0.35,
      0.4,
      0.45,
      0.5,
      0.55,
      0.6,
      0.65,
      0.7
    ],
    "confident_values": [
      0.65,
      0.7,
      0.75,
      0.8,
      0.85,
      0.9
    ],
    "margin_values": [
      0.1,
      0.15,
      0.2,
      0.25,
      0.3,
      0.35
    ]
  },
  "current_thresholds": {
    "invalid_conf": 0.5,
    "confident_conf": 0.75,
    "margin": 0.2,
    "metrics": {
      "score": -2.697168330493939,
      "positive_count": 3632,
      "negative_count": 27,
      "pos_diag_rate": 0.9969713656387665,
      "pos_uncertain_rate": 0.0027533039647577094,
      "pos_invalid_rate": 0.00027533039647577095,
      "pos_overall_acc": 0.9980726872246696,
      "pos_diag_acc": 0.9986191659762497,
      "neg_diag_rate": 0.9259259259259259,
      "neg_uncertain_rate": 0.037037037037037035,
      "neg_invalid_rate": 0.037037037037037035
    }
  },
  "recommended_thresholds": {
    "invalid_conf": 0.55,
    "confident_conf": 0.9,
    "margin": 0.1,
    "metrics": {
      "score": -0.7790917352301471,
      "positive_count": 3632,
      "negative_count": 27,
      "pos_diag_rate": 0.9947687224669604,
      "pos_uncertain_rate": 0.004405286343612335,
      "pos_invalid_rate": 0.0008259911894273128,
      "pos_overall_acc": 0.9980726872246696,
      "pos_diag_acc": 0.9988928867976751,
      "neg_diag_rate": 0.7407407407407407,
      "neg_uncertain_rate": 0.18518518518518517,
      "neg_invalid_rate": 0.07407407407407407
    }
  },
  "top_candidates_csv": "/mnt/021630F41630E9F5/PROJECTS/torch/shufflenet-v2-tensorflow/artifacts/tflite/threshold_calibration_candidates_with_negatives.csv"
}